,city,district,type,rental_cost,price_reduction_amount,dimension,rooms,bathrooms,elevator,terrace,air_conditioning,balcony,pool,floor,time_since_published,scraping_date
0,Malaga,Centro,Piso,2000.0,400,135,5,2,1,1,0,1,0,,32,17-03-2024 | 11:37
1,Malaga,Centro,Piso,1150.0,0,60,1,1,1,0,1,0,0,4ª,90,17-03-2024 | 11:37
2,Malaga,Carretera de Cádiz,Piso,950.0,0,81,3,1,1,1,0,0,0,3ª,4,17-03-2024 | 11:37
3,Malaga,Centro,Piso,1350.0,0,88,2,2,1,0,1,0,0,,86,17-03-2024 | 11:37
4,Malaga,Centro,Piso,1850.0,350,112,3,1,0,0,0,0,0,,0,17-03-2024 | 11:37
5,Malaga,Teatinos - Universidad,Piso,1250.0,0,100,3,2,0,0,0,0,0,,3,17-03-2024 | 11:37
6,Malaga,Teatinos - Universidad,Piso,1300.0,0,85,3,1,0,0,0,0,0,,11,17-03-2024 | 11:37
7,Malaga,Churriana,Piso,1800.0,0,71,1,1,0,0,0,0,0,,4,17-03-2024 | 11:37
8,Malaga,Centro,Piso,1250.0,250,100,3,1,0,0,0,0,0,,60,17-03-2024 | 11:37
9,Malaga,Centro,Estudio,850.0,0,40,0,1,0,0,0,0,0,2ª,24,17-03-2024 | 11:37
10,Malaga,Centro,Piso,1500.0,100,80,1,1,0,0,0,0,0,,0,17-03-2024 | 11:37
11,Malaga,Puerto de la Torre,Piso,1500.0,0,150,2,2,0,0,0,0,0,,0,17-03-2024 | 11:37
12,Malaga,Martiricos - La Roca,Apartamento,1195.0,0,45,1,1,0,0,0,0,0,,0,17-03-2024 | 11:37
13,Malaga,Centro,Piso,2950.0,550,193,5,3,0,0,0,0,0,,0,17-03-2024 | 11:37
14,Malaga,Teatinos - Universidad,Piso,1300.0,0,95,3,2,0,0,0,0,0,,0,17-03-2024 | 11:37
15,Malaga,Churriana,Apartamento,1050.0,0,85,1,1,0,0,0,0,0,,0,17-03-2024 | 11:37
16,Malaga,Centro,Piso,1100.0,0,88,3,1,0,0,0,0,0,,25,17-03-2024 | 11:37
17,Malaga,Puerto de la Torre,Apartamento,800.0,0,50,2,1,0,0,0,0,0,,4,17-03-2024 | 11:37
18,Malaga,Carretera de Cádiz,Piso,2500.0,0,160,4,2,1,1,0,0,0,,33,17-03-2024 | 11:37
19,Malaga,Teatinos - Universidad,Piso,1600.0,100,120,4,2,1,0,0,0,0,6ª,5,17-03-2024 | 11:37
20,Malaga,Puerto de la Torre,Dúplex,1150.0,0,120,3,2,0,0,1,0,0,1ª,16,17-03-2024 | 11:37
21,Malaga,Centro,Apartamento,850.0,50,50,1,1,1,0,0,0,0,1ª,37,17-03-2024 | 11:37
22,Malaga,Centro,Dúplex,1200.0,0,80,1,1,1,0,0,0,0,3ª,20,17-03-2024 | 11:37
23,Malaga,Bailen - Miraflores,Estudio,680.0,0,50,0,1,1,0,0,1,0,4ª,37,17-03-2024 | 11:37
24,Malaga,Campanillas,Casa o chalet,1000.0,0,130,3,1,0,1,0,1,0,,5,17-03-2024 | 11:37
25,Malaga,Campanillas,Piso,680.0,0,48,1,1,0,0,1,0,0,1ª,0,17-03-2024 | 11:37
26,Malaga,Puerto de la Torre,Ático,1100.0,0,110,3,0,1,1,0,0,0,1ª,0,17-03-2024 | 11:37
27,Malaga,Centro,Piso,1600.0,0,80,2,1,1,0,0,0,0,2ª,0,17-03-2024 | 11:37
28,Malaga,Teatinos - Universidad,Piso,1350.0,0,110,3,1,1,0,0,0,0,2ª,11,17-03-2024 | 11:37
29,Malaga,Palma - Palmilla,Piso,800.0,0,73,3,1,1,0,0,0,0,,1,17-03-2024 | 11:37
30,Malaga,Centro,Piso,1500.0,0,87,2,1,1,0,0,0,0,2ª,86,17-03-2024 | 11:37
31,Malaga,Churriana,Casa adosada,1240.0,0,103,3,2,0,0,0,0,0,,30,17-03-2024 | 11:37
32,Malaga,Centro,Piso,3570.0,0,140,4,2,1,1,0,0,0,,38,17-03-2024 | 11:37
33,Malaga,Carretera de Cádiz,Piso,1100.0,0,75,3,2,1,0,0,0,0,2ª,2,17-03-2024 | 11:37
34,Malaga,Bailen - Miraflores,Piso,765.0,0,54,1,1,1,0,0,0,0,,11,17-03-2024 | 11:37
35,Malaga,Teatinos - Universidad,Piso,1295.0,205,135,3,2,1,0,0,0,0,1ª,5,17-03-2024 | 11:37
36,Malaga,Centro,Piso,1600.0,0,150,4,2,1,0,0,0,0,1ª,1,17-03-2024 | 11:37
37,Malaga,Cruz de Humilladero,Piso,1100.0,0,96,3,1,1,0,0,0,0,7ª,25,17-03-2024 | 11:37
38,Malaga,Centro,Loft,1200.0,0,60,0,1,1,0,1,0,0,4ª,60,17-03-2024 | 11:37
39,Malaga,Centro,Piso,1200.0,0,100,2,1,0,1,0,0,0,1ª,40,17-03-2024 | 11:37
40,Malaga,Centro,Piso,1000.0,0,92,2,1,0,0,0,1,0,2ª,2,17-03-2024 | 11:37
41,Malaga,Centro,Estudio,975.0,0,50,1,1,1,0,0,0,0,4ª,60,17-03-2024 | 11:37
42,Malaga,Centro,Piso,1400.0,0,71,1,1,1,0,0,0,0,3ª,138,17-03-2024 | 11:37
43,Malaga,Cruz de Humilladero,Ático,1100.0,0,150,2,2,1,0,0,0,0,15,3,17-03-2024 | 11:37
44,Malaga,Martiricos - La Roca,Casa o chalet,1300.0,0,130,3,1,0,1,1,0,0,,25,17-03-2024 | 11:37
45,Malaga,Bailen - Miraflores,Casa o chalet,1200.0,0,75,2,1,0,1,0,1,0,,130,17-03-2024 | 11:37
46,Malaga,Centro,Piso,1400.0,100,83,2,1,1,0,0,0,0,2ª,14,17-03-2024 | 11:37
47,Malaga,Teatinos - Universidad,Apartamento,700.0,0,40,1,1,0,0,0,0,0,2ª,11,17-03-2024 | 11:37
48,Malaga,Cruz de Humilladero,Piso,1500.0,0,120,6,1,0,0,0,0,0,3ª,137,17-03-2024 | 11:37
49,Malaga,Churriana,Estudio,900.0,0,40,0,1,0,1,1,0,0,1ª,123,17-03-2024 | 11:37
50,Malaga,Centro,Apartamento,1200.0,0,75,3,1,0,0,0,0,0,2ª,60,17-03-2024 | 11:37
51,Malaga,Bailen - Miraflores,Piso,900.0,0,85,3,2,1,0,0,0,0,4ª,12,17-03-2024 | 11:37
52,Malaga,Ciudad Jardin,Piso,1200.0,0,90,4,2,1,0,0,0,0,8ª,198,17-03-2024 | 11:37
53,Malaga,Churriana,Piso,1300.0,0,80,3,2,0,1,0,0,0,1ª,26,17-03-2024 | 11:37
54,Malaga,Campanillas,Casa o chalet,650.0,0,69,2,1,0,0,1,0,0,,0,17-03-2024 | 11:37
55,Malaga,Centro,Piso,1200.0,0,110,4,2,1,0,0,0,0,6ª,176,17-03-2024 | 11:37
56,Malaga,Centro,Piso,2250.0,0,121,3,2,1,0,0,0,0,4ª,8,17-03-2024 | 11:37
57,Malaga,Bailen - Miraflores,Loft,935.0,0,52,1,1,1,0,0,0,0,bajo,102,17-03-2024 | 11:37
58,Malaga,Este,Piso,1700.0,0,145,3,2,1,0,0,0,0,1ª,61,17-03-2024 | 11:37
59,Malaga,Centro,Piso,2250.0,150,180,4,3,1,0,0,0,0,10ª,34,17-03-2024 | 11:37
60,Malaga,Centro,Apartamento,1000.0,0,55,1,1,1,0,0,0,0,2ª,23,17-03-2024 | 11:38
61,Malaga,Bailen - Miraflores,Estudio,875.0,0,42,1,1,1,0,0,0,0,bajo,101,17-03-2024 | 11:38
62,Malaga,Centro,Piso,925.0,0,87,2,1,1,0,0,0,0,2ª,8,17-03-2024 | 11:38
63,Malaga,Este,Piso,1890.0,0,138,3,2,1,1,0,0,0,,18,17-03-2024 | 11:38
64,Malaga,Carretera de Cádiz,Ático,1650.0,0,95,1,1,1,0,0,0,0,,158,17-03-2024 | 11:38
65,Malaga,Carretera de Cádiz,Piso,1800.0,0,100,3,2,1,1,0,0,0,,8,17-03-2024 | 11:38
66,Malaga,Teatinos - Universidad,Piso,1500.0,0,110,3,2,1,0,0,0,0,,216,17-03-2024 | 11:38
67,Malaga,Centro,Piso,1500.0,0,110,3,2,1,0,0,0,0,,635,17-03-2024 | 11:38
68,Malaga,Centro,Piso,990.0,0,34,1,1,1,0,0,0,0,,75,17-03-2024 | 11:38
69,Malaga,Centro,Apartamento,2000.0,0,50,1,1,1,0,0,1,0,,67,17-03-2024 | 11:38
70,Malaga,Teatinos - Universidad,Piso,1800.0,0,122,3,2,1,0,0,0,0,,80,17-03-2024 | 11:38
71,Malaga,Centro,Piso,1000.0,0,70,2,1,1,0,0,0,0,,72,17-03-2024 | 11:38
72,Malaga,Teatinos - Universidad,Piso,1375.0,0,115,2,2,1,1,0,0,0,,25,17-03-2024 | 11:38
73,Malaga,Teatinos - Universidad,Apartamento,1500.0,0,117,2,2,1,1,0,0,0,,12,17-03-2024 | 11:38
74,Malaga,Este,Piso,,0,165,3,3,0,1,0,0,0,,58,17-03-2024 | 11:38
75,Malaga,Bailen - Miraflores,Piso,1050.0,0,80,3,1,1,0,0,0,0,,31,17-03-2024 | 11:38
76,Malaga,Martiricos - La Roca,Piso,1750.0,0,70,2,2,1,0,0,0,0,,1,17-03-2024 | 11:38
77,Malaga,Centro,Apartamento,2101.0,0,48,1,1,1,0,0,0,0,6ª,61,17-03-2024 | 11:38
78,Malaga,Centro,Apartamento,2553.0,0,50,2,1,1,0,0,0,0,6ª,61,17-03-2024 | 11:38
79,Malaga,Centro,Estudio,1857.0,0,26,1,1,1,0,0,0,0,6ª,61,17-03-2024 | 11:38
80,Malaga,Teatinos - Universidad,Apartamento,1275.0,0,60,1,1,1,1,0,0,0,,8,17-03-2024 | 11:38
81,Malaga,Bailen - Miraflores,Piso,1100.0,200,75,3,1,1,1,0,0,0,,41,17-03-2024 | 11:38
82,Malaga,Palma - Palmilla,Piso,1100.0,0,106,4,2,1,0,0,0,0,,161,17-03-2024 | 11:38
83,Malaga,Churriana,Dúplex,1500.0,0,150,3,2,0,1,1,0,0,,115,17-03-2024 | 11:38
84,Malaga,Centro,Piso,1800.0,0,100,2,2,1,0,0,0,0,,65,17-03-2024 | 11:38
85,Malaga,Centro,Estudio,990.0,0,33,1,1,1,0,0,0,0,,88,17-03-2024 | 11:38
86,Malaga,Centro,Piso,990.0,0,34,1,1,1,0,0,0,0,,99,17-03-2024 | 11:38
87,Malaga,Cruz de Humilladero,Piso,1400.0,0,126,4,2,1,1,0,0,0,,4,17-03-2024 | 11:38
88,Malaga,Centro,Piso,1600.0,0,125,4,1,1,0,0,1,0,,4,17-03-2024 | 11:38
89,Malaga,Martiricos - La Roca,Apartamento,1195.0,0,45,1,1,1,0,0,0,0,3ª,19,17-03-2024 | 11:38
90,Malaga,Centro,Piso,850.0,0,45,1,1,0,1,0,1,0,,25,17-03-2024 | 11:38
91,Malaga,Centro,Loft,1200.0,0,35,1,1,1,0,0,0,0,,67,17-03-2024 | 11:38
92,Malaga,Carretera de Cádiz,Piso,2250.0,0,120,3,3,1,1,0,0,0,,45,17-03-2024 | 11:38
93,Malaga,Cruz de Humilladero,Piso,1400.0,0,120,3,1,1,1,0,0,0,,54,17-03-2024 | 11:38
94,Malaga,Centro,Piso,1250.0,0,86,2,1,1,0,0,0,0,3ª,20,17-03-2024 | 11:38
95,Malaga,Cruz de Humilladero,Piso,1400.0,0,120,3,1,0,1,0,1,0,,19,17-03-2024 | 11:38
96,Malaga,Teatinos - Universidad,Piso,1400.0,0,85,3,2,1,0,0,0,0,1ª,22,17-03-2024 | 11:38
97,Malaga,Teatinos - Universidad,Piso,1400.0,0,85,3,2,1,0,0,0,0,1ª,22,17-03-2024 | 11:38
98,Malaga,Cruz de Humilladero,Piso,1450.0,0,157,4,2,1,1,0,0,0,,33,17-03-2024 | 11:38
99,Malaga,Centro,Piso,1350.0,0,80,2,1,1,0,0,0,0,4ª,57,17-03-2024 | 11:38
100,Malaga,Carretera de Cádiz,Estudio,800.0,0,25,0,1,1,0,1,0,0,bajo,3,17-03-2024 | 11:38
101,Malaga,Este,Piso,1200.0,0,97,4,2,1,0,0,0,0,4ª,31,17-03-2024 | 11:38
102,Malaga,Centro,Piso,1800.0,0,111,3,2,1,0,0,0,0,5ª,22,17-03-2024 | 11:38
103,Malaga,Este,Piso,800.0,100,53,1,1,1,0,0,0,0,1ª,38,17-03-2024 | 11:38
104,Malaga,Cruz de Humilladero,Apartamento,1490.0,0,55,1,1,1,0,0,0,0,,88,17-03-2024 | 11:38
105,Malaga,Cruz de Humilladero,Piso,1190.0,0,60,2,1,0,0,1,1,0,,72,17-03-2024 | 11:38
106,Malaga,Cruz de Humilladero,Piso,2400.0,0,90,2,2,1,0,0,0,0,7ª,60,17-03-2024 | 11:38
107,Malaga,Teatinos - Universidad,Apartamento,1300.0,0,80,2,1,0,1,0,0,1,,60,17-03-2024 | 11:38
108,Malaga,Este,Piso,2300.0,0,135,3,2,1,0,0,0,0,2ª,118,17-03-2024 | 11:38
109,Malaga,Centro,Piso,1000.0,200,40,1,1,1,0,0,0,0,1ª,1,17-03-2024 | 11:38
110,Malaga,Centro,Piso,1800.0,0,94,2,2,1,0,0,0,0,1ª,2,17-03-2024 | 11:38
111,Malaga,Centro,Piso,1500.0,0,130,3,2,1,0,1,0,0,,13,17-03-2024 | 11:38
112,Malaga,Centro,Piso,1650.0,0,180,4,2,1,0,0,0,0,2ª,3,17-03-2024 | 11:38
113,Malaga,Este,Piso,1350.0,0,85,2,2,1,0,0,0,0,1ª,3,17-03-2024 | 11:38
114,Malaga,Carretera de Cádiz,Piso,1650.0,0,125,4,2,1,0,0,0,0,2ª,3,17-03-2024 | 11:38
115,Malaga,Centro,Piso,1800.0,200,150,4,2,1,0,0,0,0,3ª,5,17-03-2024 | 11:38
116,Malaga,Centro,Piso,1950.0,150,147,4,2,1,0,0,0,0,5ª,17,17-03-2024 | 11:38
117,Malaga,Centro,Piso,1900.0,0,92,3,2,1,0,0,0,0,15,39,17-03-2024 | 11:38
118,Malaga,Puerto de la Torre,Casa o chalet,2500.0,0,200,4,2,0,1,0,0,1,,63,17-03-2024 | 11:38
119,Malaga,Centro,Ático,1350.0,50,60,2,1,1,0,0,0,0,15,5,17-03-2024 | 11:38
120,Malaga,Centro,Piso,1850.0,0,70,2,1,1,0,0,0,0,,23,17-03-2024 | 11:39
121,Malaga,Centro,Dúplex,2100.0,100,150,3,2,1,0,0,0,0,3ª,51,17-03-2024 | 11:39
122,Malaga,Bailen - Miraflores,Piso,1400.0,0,127,4,2,1,0,0,0,0,,1117,17-03-2024 | 11:39
123,Malaga,Centro,Piso,1350.0,0,50,1,1,1,0,0,0,0,,102,17-03-2024 | 11:39
124,Malaga,Este,Piso,1850.0,150,170,3,2,1,0,0,0,0,3ª,114,17-03-2024 | 11:39
125,Malaga,Centro,Piso,1300.0,0,97,2,1,1,0,0,0,0,,455,17-03-2024 | 11:39
126,Malaga,Centro,Apartamento,1000.0,0,75,1,1,1,1,0,0,0,,180,17-03-2024 | 11:39
127,Malaga,Bailen - Miraflores,Piso,1200.0,0,98,2,2,1,0,0,1,0,,258,17-03-2024 | 11:39
128,Malaga,Bailen - Miraflores,Piso,900.0,0,79,3,1,1,1,0,0,0,,3,17-03-2024 | 11:39
129,Malaga,Este,Piso,1100.0,0,80,2,2,1,0,0,0,0,,5,17-03-2024 | 11:39
130,Malaga,Centro,Piso,1250.0,0,95,2,1,1,0,0,0,0,3ª,5,17-03-2024 | 11:39
131,Malaga,Centro,Piso,825.0,0,45,0,1,1,0,0,1,0,2ª,5,17-03-2024 | 11:39
132,Malaga,Este,Piso,2600.0,0,150,4,3,1,0,0,0,0,4ª,26,17-03-2024 | 11:39
133,Malaga,Bailen - Miraflores,Piso,1350.0,0,55,2,1,1,0,0,0,0,3ª,25,17-03-2024 | 11:39
134,Malaga,Teatinos - Universidad,Piso,2200.0,0,130,4,2,1,0,0,0,0,5ª,12,17-03-2024 | 11:39
135,Malaga,Centro,Estudio,795.0,0,40,0,1,1,0,0,1,0,1ª,45,17-03-2024 | 11:39
136,Malaga,Churriana,Casa adosada,1700.0,0,130,2,1,0,0,0,0,1,,14,17-03-2024 | 11:39
137,Malaga,Centro,Piso,1250.0,0,129,3,1,0,0,1,0,0,3ª,52,17-03-2024 | 11:39
138,Malaga,Centro,Piso,1300.0,0,120,4,2,1,0,0,0,0,1ª,30,17-03-2024 | 11:39
139,Malaga,Este,Piso,1300.0,0,87,2,2,1,0,0,0,0,2ª,64,17-03-2024 | 11:39
140,Malaga,Bailen - Miraflores,Piso,1100.0,0,84,3,2,1,0,0,0,0,,111,17-03-2024 | 11:39
141,Malaga,Cruz de Humilladero,Piso,1400.0,0,145,3,2,1,0,0,0,0,,361,17-03-2024 | 11:39
142,Malaga,Ciudad Jardin,Piso,950.0,0,100,3,1,1,1,0,0,0,,315,17-03-2024 | 11:39
143,Malaga,Bailen - Miraflores,Piso,1100.0,0,84,3,2,1,1,0,0,0,,111,17-03-2024 | 11:39
144,Malaga,Puerto de la Torre,Ático,1375.0,0,105,2,2,1,0,0,0,0,5ª,1,17-03-2024 | 11:39
145,Malaga,Centro,Piso,1200.0,0,100,2,1,1,0,0,0,0,1ª,6,17-03-2024 | 11:39
146,Malaga,Churriana,Ático,1300.0,0,116,3,2,1,0,0,0,0,3ª,2,17-03-2024 | 11:39
147,Malaga,Teatinos - Universidad,Piso,1300.0,0,102,3,2,1,1,0,0,0,,26,17-03-2024 | 11:39
148,Malaga,Centro,Ático,2100.0,0,120,3,1,1,0,0,0,0,5ª,411,17-03-2024 | 11:39
149,Malaga,Centro,Apartamento,1100.0,100,40,1,1,1,0,0,0,0,1ª,50,17-03-2024 | 11:39
150,Malaga,Cruz de Humilladero,Piso,1400.0,0,126,4,2,1,0,0,0,0,1ª,4,17-03-2024 | 11:39
151,Malaga,Centro,Piso,1650.0,0,180,4,2,1,0,0,0,0,2ª,53,17-03-2024 | 11:39
152,Malaga,Cruz de Humilladero,Piso,1575.0,0,125,3,2,1,0,0,0,0,6ª,11,17-03-2024 | 11:39
153,Malaga,Carretera de Cádiz,Piso,1600.0,0,85,2,1,1,0,0,0,0,4ª,12,17-03-2024 | 11:39
154,Malaga,Churriana,Casa adosada,1500.0,0,125,3,2,0,1,1,0,0,,20,17-03-2024 | 11:39
155,Malaga,Centro,Piso,2100.0,0,221,4,3,1,0,0,0,0,8ª,33,17-03-2024 | 11:39
156,Malaga,Este,Piso,1200.0,0,62,2,1,1,0,0,0,0,4ª,67,17-03-2024 | 11:39
157,Malaga,Centro,Piso,1500.0,0,95,3,1,1,0,0,0,0,6ª,59,17-03-2024 | 11:39
158,Malaga,Este,Apartamento,,0,50,2,1,0,0,0,0,0,,640,17-03-2024 | 11:39
159,Malaga,Centro,Piso,1700.0,0,120,4,1,0,0,1,0,0,,208,17-03-2024 | 11:39
160,Malaga,Centro,Piso,1650.0,0,114,3,2,0,0,1,1,0,,168,17-03-2024 | 11:39
161,Malaga,Centro,Piso,1500.0,0,136,4,1,1,1,0,0,0,,178,17-03-2024 | 11:39
162,Malaga,Centro,Apartamento,900.0,0,68,1,1,1,0,0,0,0,bajo,5,17-03-2024 | 11:39
163,Malaga,Centro,Piso,2000.0,0,68,2,2,1,0,0,0,0,2ª,12,17-03-2024 | 11:39
164,Malaga,Puerto de la Torre,Casa o chalet,1600.0,0,150,3,1,0,1,0,0,0,,19,17-03-2024 | 11:39
165,Malaga,Teatinos - Universidad,Ático,1500.0,0,74,3,2,1,1,0,0,0,,44,17-03-2024 | 11:39
166,Malaga,Centro,Piso,1300.0,0,95,2,2,1,0,0,0,0,,405,17-03-2024 | 11:39
167,Malaga,Cruz de Humilladero,Piso,1350.0,0,80,2,2,0,0,1,0,0,,0,17-03-2024 | 11:39
168,Malaga,Palma - Palmilla,Piso,1100.0,0,100,3,2,1,0,0,0,0,3ª,2,17-03-2024 | 11:39
169,Malaga,Bailen - Miraflores,Piso,1378.0,0,97,4,2,1,0,0,0,0,2ª,3,17-03-2024 | 11:39
170,Malaga,Teatinos - Universidad,Loft,1350.0,100,50,1,1,0,0,0,0,0,1ª,27,17-03-2024 | 11:39
171,Malaga,Teatinos - Universidad,Loft,1400.0,100,51,1,1,0,0,0,0,0,1ª,26,17-03-2024 | 11:39
172,Malaga,Centro,Piso,1600.0,0,140,4,2,1,0,0,0,0,1ª,4,17-03-2024 | 11:39
173,Malaga,Centro,Piso,1100.0,0,90,2,1,1,0,0,0,0,3ª,5,17-03-2024 | 11:39
174,Malaga,Centro,Piso,1500.0,0,80,1,1,1,0,0,0,0,1ª,7,17-03-2024 | 11:39
175,Malaga,Centro,Piso,1350.0,0,110,3,2,1,0,0,0,0,1ª,9,17-03-2024 | 11:39
176,Malaga,Centro,Piso,2400.0,0,150,4,2,1,0,0,0,0,7ª,24,17-03-2024 | 11:39
177,Malaga,Centro,Piso,2200.0,0,100,2,1,1,0,0,0,0,4ª,11,17-03-2024 | 11:39
178,Malaga,Centro,Piso,2000.0,0,85,2,2,1,0,0,0,0,2ª,16,17-03-2024 | 11:39
179,Malaga,Centro,Piso,1500.0,0,70,2,1,1,0,0,0,0,,26,17-03-2024 | 11:39
180,Malaga,Centro,Piso,1600.0,0,80,2,2,1,0,0,0,0,3ª,30,17-03-2024 | 11:40
181,Malaga,Centro,Piso,1550.0,0,100,3,2,1,0,0,0,0,1ª,62,17-03-2024 | 11:40
182,Malaga,Puerto de la Torre,Dúplex,1150.0,0,120,3,2,0,0,1,0,0,1ª,1,17-03-2024 | 11:40
183,Malaga,Centro,Piso,900.0,0,65,1,1,1,0,0,0,0,1ª,2,17-03-2024 | 11:40
184,Malaga,Centro,Piso,1150.0,0,124,4,2,0,1,0,0,0,1ª,3,17-03-2024 | 11:40
185,Malaga,Carretera de Cádiz,Piso,2900.0,0,188,4,2,1,0,0,0,0,4ª,3,17-03-2024 | 11:40
186,Malaga,Carretera de Cádiz,Piso,2500.0,0,140,2,2,1,0,0,0,0,2ª,4,17-03-2024 | 11:40
187,Malaga,Carretera de Cádiz,Piso,1400.0,0,147,4,2,1,0,0,0,0,4ª,4,17-03-2024 | 11:40
188,Malaga,Carretera de Cádiz,Piso,950.0,0,70,2,1,1,0,0,0,0,bajo,4,17-03-2024 | 11:40
189,Malaga,Centro,Piso,1100.0,0,90,3,1,1,0,0,0,0,4ª,4,17-03-2024 | 11:40
190,Malaga,Cruz de Humilladero,Piso,1600.0,0,145,3,2,1,1,0,0,0,,9,17-03-2024 | 11:40
191,Malaga,Centro,Piso,2400.0,0,125,4,2,1,0,0,0,0,4ª,10,17-03-2024 | 11:40
192,Malaga,Centro,Piso,2800.0,0,125,3,2,1,0,0,0,0,3ª,10,17-03-2024 | 11:40
193,Malaga,Puerto de la Torre,Piso,950.0,0,71,1,1,1,0,0,0,0,bajo,37,17-03-2024 | 11:40
194,Malaga,Centro,Ático,1300.0,0,50,1,1,1,0,0,0,0,4ª,25,17-03-2024 | 11:40
195,Malaga,Centro,Piso,1200.0,0,90,3,2,1,0,0,0,0,3ª,19,17-03-2024 | 11:40
196,Malaga,Centro,Piso,1200.0,0,100,2,1,1,0,0,0,0,3ª,32,17-03-2024 | 11:40
197,Malaga,Este,Piso,2700.0,0,160,3,2,1,0,0,0,0,5ª,61,17-03-2024 | 11:40
198,Malaga,Centro,Piso,1100.0,0,110,3,1,1,0,0,0,0,7ª,79,17-03-2024 | 11:40
199,Malaga,Centro,Apartamento,1200.0,0,60,1,1,1,0,0,0,0,3ª,60,17-03-2024 | 11:40
200,Malaga,Centro,Piso,2700.0,0,90,2,1,1,0,0,0,0,5ª,60,17-03-2024 | 11:40
201,Malaga,Centro,Dúplex,2900.0,0,120,3,2,1,0,0,0,0,15,60,17-03-2024 | 11:40
202,Malaga,Churriana,Piso,900.0,0,40,0,1,0,1,0,0,0,15,123,17-03-2024 | 11:40
203,Malaga,Churriana,Apartamento,1200.0,0,71,2,1,0,1,0,0,0,1ª,3,17-03-2024 | 11:40
204,Malaga,Centro,Piso,1200.0,0,75,3,1,0,0,1,0,0,1ª,3,17-03-2024 | 11:40
205,Malaga,Teatinos - Universidad,Piso,1200.0,0,110,3,2,1,0,0,0,0,1ª,4,17-03-2024 | 11:40
206,Malaga,Centro,Piso,990.0,110,62,3,1,1,0,0,0,0,3ª,24,17-03-2024 | 11:40
207,Malaga,Centro,Piso,1450.0,0,94,3,1,1,0,0,0,0,3ª,41,17-03-2024 | 11:40
208,Malaga,Centro,Piso,1200.0,0,91,2,1,1,0,0,0,0,3ª,22,17-03-2024 | 11:40
209,Malaga,Carretera de Cádiz,Ático,1500.0,700,60,1,1,1,0,0,0,0,15,41,17-03-2024 | 11:40
210,Malaga,Centro,Piso,1200.0,0,49,1,1,1,0,0,0,0,1ª,40,17-03-2024 | 11:40
211,Malaga,Centro,Ático,2400.0,100,147,2,2,1,0,0,0,0,3ª,51,17-03-2024 | 11:40
212,Malaga,Centro,Piso,1300.0,100,120,4,2,1,0,0,0,0,1ª,47,17-03-2024 | 11:40
213,Malaga,Centro,Ático,1500.0,0,100,2,1,0,1,0,0,0,2ª,60,17-03-2024 | 11:40
214,Malaga,Carretera de Cádiz,Piso,1400.0,0,70,3,1,1,0,1,0,0,,189,17-03-2024 | 11:40
215,Malaga,Centro,Piso,2100.0,0,85,2,1,1,0,0,0,0,1ª,138,17-03-2024 | 11:40
216,Malaga,Centro,Piso,950.0,50,70,2,2,1,0,0,0,0,1ª,1,17-03-2024 | 11:40
217,Malaga,Centro,Piso,2000.0,200,120,4,2,1,0,0,0,0,3ª,1,17-03-2024 | 11:40
218,Malaga,Centro,Estudio,795.0,0,30,0,1,1,0,0,1,0,5ª,1,17-03-2024 | 11:40
219,Malaga,Teatinos - Universidad,Loft,1300.0,100,40,1,1,1,0,0,0,0,1ª,26,17-03-2024 | 11:40
220,Malaga,Este,Piso,1300.0,0,90,2,1,1,0,0,0,0,2ª,4,17-03-2024 | 11:40
221,Malaga,Bailen - Miraflores,Piso,1100.0,200,75,3,1,1,0,0,0,0,6ª,37,17-03-2024 | 11:40
222,Malaga,Centro,Piso,1800.0,100,100,2,1,1,0,0,0,0,3ª,41,17-03-2024 | 11:40
223,Malaga,Este,Casa o chalet,3000.0,0,290,5,3,0,1,0,0,0,,63,17-03-2024 | 11:40
224,Malaga,Centro,Piso,800.0,0,55,1,1,0,0,0,0,0,,15,17-03-2024 | 11:40
225,Malaga,Este,Piso,1300.0,0,87,3,2,1,0,0,0,0,,15,17-03-2024 | 11:40
226,Malaga,Churriana,Piso,1400.0,0,120,3,2,1,0,0,0,0,1ª,47,17-03-2024 | 11:40
227,Malaga,Teatinos - Universidad,Piso,1200.0,0,145,3,2,1,0,0,0,0,bajo,50,17-03-2024 | 11:40
228,Malaga,Centro,Piso,1200.0,0,90,2,2,1,0,0,0,0,2ª,107,17-03-2024 | 11:40
229,Malaga,Puerto de la Torre,Piso,700.0,0,55,1,1,0,0,0,0,0,,65,17-03-2024 | 11:40
230,Malaga,Teatinos - Universidad,Piso,1300.0,0,100,3,2,0,0,0,0,0,,256,17-03-2024 | 11:40
231,Malaga,Bailen - Miraflores,Piso,1200.0,0,105,3,2,1,0,0,0,0,,116,17-03-2024 | 11:40
232,Malaga,Ciudad Jardin,Casa o chalet,1350.0,0,180,2,1,0,1,1,0,0,,8,17-03-2024 | 11:40
233,Malaga,Este,Apartamento,1750.0,0,115,2,2,1,0,0,0,0,2ª,26,17-03-2024 | 11:40
234,Malaga,Teatinos - Universidad,Piso,1500.0,0,173,3,2,1,0,0,0,0,1ª,45,17-03-2024 | 11:40
235,Malaga,Centro,Apartamento,1100.0,100,48,1,1,1,0,0,0,0,4ª,33,17-03-2024 | 11:40
236,Malaga,Este,Piso,820.0,0,50,1,1,0,1,0,0,0,,68,17-03-2024 | 11:40
237,Malaga,Puerto de la Torre,Piso,1400.0,0,220,1,1,0,1,0,1,0,,45,17-03-2024 | 11:40
238,Malaga,Cruz de Humilladero,Piso,700.0,0,55,1,1,1,0,0,0,0,1ª,47,17-03-2024 | 11:40
239,Malaga,Teatinos - Universidad,Piso,1200.0,100,90,2,1,1,0,0,1,0,,66,17-03-2024 | 11:40
240,Malaga,Carretera de Cádiz,Piso,1550.0,0,120,3,2,1,0,0,0,0,3ª,1,17-03-2024 | 11:41
241,Malaga,Centro,Piso,1600.0,0,82,2,2,1,0,0,0,0,2ª,2,17-03-2024 | 11:41
242,Malaga,Centro,Apartamento,1300.0,0,60,1,1,0,0,1,0,0,bajo,4,17-03-2024 | 11:41
243,Malaga,Centro,Piso,2000.0,0,150,5,2,1,0,1,0,0,,8,17-03-2024 | 11:41
244,Malaga,Teatinos - Universidad,Piso,2200.0,100,130,4,2,1,0,0,0,0,5ª,30,17-03-2024 | 11:41
245,Malaga,Cruz de Humilladero,Piso,1000.0,0,58,1,1,1,0,0,0,0,1ª,9,17-03-2024 | 11:41
246,Malaga,Centro,Piso,1650.0,0,122,3,2,1,0,0,0,0,bajo,41,17-03-2024 | 11:41
247,Malaga,Teatinos - Universidad,Piso,2200.0,0,130,4,2,1,0,0,0,0,5ª,25,17-03-2024 | 11:41
248,Malaga,Este,Piso,1600.0,0,100,4,2,1,0,0,0,0,,58,17-03-2024 | 11:41
249,Malaga,Cruz de Humilladero,Ático,1500.0,0,90,2,1,1,1,0,0,0,,26,17-03-2024 | 11:41
250,Malaga,Este,Casa adosada,4950.0,0,318,5,4,1,1,0,0,0,,238,17-03-2024 | 11:41
251,Malaga,Centro,Piso,990.0,0,60,2,1,0,0,0,0,0,,183,17-03-2024 | 11:41
252,Malaga,Bailen - Miraflores,Piso,350.0,0,100,4,1,1,0,0,0,0,4ª,1,17-03-2024 | 11:41
253,Malaga,Puerto de la Torre,Casa adosada,1200.0,50,115,3,2,0,1,1,0,0,,10,17-03-2024 | 11:41
254,Malaga,Centro,Estudio,900.0,100,40,0,1,0,0,1,0,0,2ª,11,17-03-2024 | 11:41
255,Malaga,Bailen - Miraflores,Piso,950.0,0,89,3,1,1,0,0,0,0,2ª,11,17-03-2024 | 11:41
256,Malaga,Carretera de Cádiz,Piso,850.0,0,52,2,1,0,0,0,0,0,3ª,17,17-03-2024 | 11:41
257,Malaga,Centro,Piso,2000.0,0,70,2,2,0,1,0,0,0,2ª,18,17-03-2024 | 11:41
258,Malaga,Campanillas,Casa adosada,1500.0,0,110,2,3,0,0,1,0,0,,24,17-03-2024 | 11:41
259,Malaga,Puerto de la Torre,Casa o chalet,1500.0,0,200,4,2,0,1,0,0,1,,102,17-03-2024 | 11:41
260,Malaga,Teatinos - Universidad,Piso,1200.0,0,110,2,1,1,0,0,0,0,3ª,43,17-03-2024 | 11:41
261,Malaga,Centro,Piso,1350.0,0,80,2,1,1,0,0,0,0,4ª,52,17-03-2024 | 11:41
262,Malaga,Palma - Palmilla,Finca rústica,1500.0,0,110,3,2,0,0,0,0,0,,106,17-03-2024 | 11:41
263,Malaga,Centro,Apartamento,1200.0,0,70,2,2,1,0,0,1,0,,119,17-03-2024 | 11:41
264,Malaga,Cruz de Humilladero,Piso,1750.0,0,180,5,2,1,0,0,0,0,6ª,209,17-03-2024 | 11:41
265,Malaga,Centro,Apartamento,1850.0,350,75,2,1,0,0,1,0,0,bajo,33,17-03-2024 | 11:41
266,Malaga,Cruz de Humilladero,Piso,1250.0,0,120,3,2,1,0,0,0,0,1ª,12,17-03-2024 | 11:41
267,Malaga,Bailen - Miraflores,Piso,900.0,0,85,3,1,0,0,0,0,0,2ª,4,17-03-2024 | 11:41
268,Malaga,Centro,Piso,2000.0,0,150,5,2,0,0,1,0,0,,5,17-03-2024 | 11:41
269,Malaga,Carretera de Cádiz,Estudio,350.0,0,10,1,2,0,0,0,0,0,,6,17-03-2024 | 11:41
270,Malaga,Carretera de Cádiz,Piso,1200.0,0,65,2,2,0,0,0,0,0,1ª,10,17-03-2024 | 11:41
271,Malaga,Centro,Piso,900.0,0,85,3,1,0,0,0,0,0,1ª,11,17-03-2024 | 11:41
272,Malaga,Centro,Piso,1150.0,0,90,2,2,0,1,0,0,0,1ª,37,17-03-2024 | 11:41
273,Malaga,Centro,Piso,260.0,0,100,6,2,0,0,0,0,0,3ª,18,17-03-2024 | 11:41
274,Malaga,Churriana,Apartamento,1800.0,0,45,1,1,0,1,0,0,0,,27,17-03-2024 | 11:41
275,Malaga,Cruz de Humilladero,Piso,1200.0,0,70,2,1,0,0,1,0,0,2ª,37,17-03-2024 | 11:41
276,Malaga,Puerto de la Torre,Casa o chalet,1300.0,200,100,1,1,0,0,1,0,0,,44,17-03-2024 | 11:41
277,Malaga,Centro,Piso,1800.0,0,80,3,1,0,0,1,0,0,1ª,67,17-03-2024 | 11:41
278,Malaga,Centro,Piso,1300.0,0,90,3,1,0,0,0,0,0,1ª,123,17-03-2024 | 11:41
279,Malaga,Bailen - Miraflores,Planta baja,2000.0,0,70,1,1,0,0,1,0,0,,271,17-03-2024 | 11:41
280,Malaga,Este,Apartamento,1800.0,0,50,1,1,0,1,0,0,0,,156,17-03-2024 | 11:41
281,Malaga,Centro,Piso,2500.0,0,112,3,2,1,0,0,0,0,1ª,152,17-03-2024 | 11:41
282,Malaga,Este,Piso,1500.0,0,103,4,2,1,0,0,0,0,7ª,124,17-03-2024 | 11:41
283,Malaga,Bailen - Miraflores,Piso,900.0,100,80,2,1,1,0,1,0,0,,10,17-03-2024 | 11:41
284,Malaga,Cruz de Humilladero,Piso,1400.0,0,126,4,2,1,0,0,0,0,1ª,2,17-03-2024 | 11:41
285,Malaga,Carretera de Cádiz,Piso,1550.0,100,120,3,2,1,0,0,0,0,3ª,25,17-03-2024 | 11:41
286,Malaga,Carretera de Cádiz,Piso,1050.0,0,86,3,1,1,0,0,0,0,6ª,3,17-03-2024 | 11:41
287,Malaga,Cruz de Humilladero,Piso,1590.0,0,145,3,2,1,0,0,0,0,6ª,3,17-03-2024 | 11:41
288,Malaga,Bailen - Miraflores,Piso,1000.0,0,70,2,1,0,0,0,0,0,1ª,5,17-03-2024 | 11:41
289,Malaga,Carretera de Cádiz,Ático,1500.0,0,90,1,1,1,0,0,0,0,7ª,41,17-03-2024 | 11:41
290,Malaga,Carretera de Cádiz,Piso,1275.0,0,78,3,1,1,0,1,0,0,,10,17-03-2024 | 11:41
291,Malaga,Centro,Piso,1500.0,0,50,2,1,1,0,0,0,0,2ª,22,17-03-2024 | 11:41
292,Malaga,Carretera de Cádiz,Piso,1540.0,0,160,5,2,1,0,0,0,0,2ª,31,17-03-2024 | 11:41
293,Malaga,Carretera de Cádiz,Piso,695.0,0,40,1,1,0,0,0,0,0,,34,17-03-2024 | 11:41
294,Malaga,Este,Piso,1800.0,0,120,4,2,1,0,0,0,0,3ª,58,17-03-2024 | 11:41
295,Malaga,Centro,Piso,1800.0,0,80,3,1,0,0,1,0,0,,3,17-03-2024 | 11:41
296,Malaga,Centro,Apartamento,950.0,0,55,1,1,1,0,0,0,0,3ª,5,17-03-2024 | 11:41
297,Malaga,Puerto de la Torre,Apartamento,1300.0,0,260,1,1,0,1,0,0,0,1ª,38,17-03-2024 | 11:41
298,Malaga,Teatinos - Universidad,Piso,2350.0,0,230,5,3,0,0,1,1,0,,16,17-03-2024 | 11:41
299,Malaga,Centro,Piso,1500.0,0,70,2,1,0,0,0,0,0,,17,17-03-2024 | 11:41
300,Malaga,Centro,Piso,1800.0,0,100,2,1,0,0,0,1,0,1ª,18,17-03-2024 | 11:42
301,Malaga,Centro,Piso,1150.0,150,70,2,2,1,0,0,0,0,,30,17-03-2024 | 11:42
302,Malaga,Campanillas,Finca rústica,900.0,0,70,1,1,0,1,0,1,0,,120,17-03-2024 | 11:42
303,Malaga,Cruz de Humilladero,Apartamento,950.0,0,49,1,1,1,0,0,1,0,,157,17-03-2024 | 11:42
304,Malaga,Centro,Ático,2900.0,0,120,3,2,1,0,0,0,0,6ª,204,17-03-2024 | 11:42
305,Malaga,Centro,Piso,1000.0,200,40,1,1,1,0,0,0,0,1ª,1,17-03-2024 | 11:42
306,Malaga,Cruz de Humilladero,Piso,1000.0,100,72,3,1,1,0,0,0,0,,22,17-03-2024 | 11:42
307,Malaga,Este,Piso,2100.0,0,86,1,1,1,0,0,0,0,3ª,3,17-03-2024 | 11:42
308,Malaga,Teatinos - Universidad,Piso,1300.0,100,158,4,2,1,1,0,0,0,,17,17-03-2024 | 11:42
309,Malaga,Centro,Piso,1200.0,0,90,4,2,1,0,0,0,0,4ª,5,17-03-2024 | 11:42
310,Malaga,Cruz de Humilladero,Casa o chalet,1900.0,0,145,3,3,0,1,1,0,0,,12,17-03-2024 | 11:42
311,Malaga,Campanillas,Casa o chalet,2500.0,0,240,5,3,0,1,0,0,1,,16,17-03-2024 | 11:42
312,Malaga,Cruz de Humilladero,Piso,1650.0,0,201,5,2,1,0,0,0,0,7ª,17,17-03-2024 | 11:42
313,Malaga,Centro,Piso,1100.0,0,25,1,1,1,0,0,0,0,5ª,17,17-03-2024 | 11:42
314,Malaga,Teatinos - Universidad,Piso,1500.0,0,104,3,2,1,0,0,0,0,8ª,17,17-03-2024 | 11:42
315,Malaga,Este,Apartamento,1800.0,0,50,1,1,0,1,0,0,0,,212,17-03-2024 | 11:42
316,Malaga,Este,Dúplex,1500.0,0,130,2,3,1,0,0,0,0,5ª,151,17-03-2024 | 11:42
317,Malaga,Bailen - Miraflores,Piso,900.0,0,79,3,1,1,1,0,0,0,,2,17-03-2024 | 11:42
318,Malaga,Puerto de la Torre,Casa adosada,2000.0,500,200,5,3,0,1,0,0,1,,43,17-03-2024 | 11:42
319,Malaga,Bailen - Miraflores,Piso,1400.0,0,110,3,3,0,0,1,0,0,,3,17-03-2024 | 11:42
320,Malaga,Centro,Piso,1600.0,0,140,4,2,1,0,0,1,0,,3,17-03-2024 | 11:42
321,Malaga,Centro,Piso,1450.0,0,155,4,2,1,1,0,0,0,,3,17-03-2024 | 11:42
322,Malaga,Este,Piso,1890.0,0,138,3,2,1,1,0,0,0,,3,17-03-2024 | 11:42
323,Malaga,Este,Piso,1300.0,0,86,3,1,0,0,1,0,0,1ª,3,17-03-2024 | 11:42
324,Malaga,Este,Piso,1890.0,0,138,3,2,1,1,0,0,0,,3,17-03-2024 | 11:42
325,Malaga,Carretera de Cádiz,Piso,1100.0,0,70,2,1,0,1,0,0,0,5ª,3,17-03-2024 | 11:42
326,Malaga,Teatinos - Universidad,Piso,1500.0,0,120,4,2,1,1,0,0,0,,3,17-03-2024 | 11:42
327,Malaga,Campanillas,Planta baja,1200.0,0,120,3,2,1,0,0,0,0,bajo,4,17-03-2024 | 11:42
328,Malaga,Bailen - Miraflores,Piso,800.0,0,52,2,1,1,0,0,0,0,,8,17-03-2024 | 11:42
329,Malaga,Este,Piso,1350.0,0,85,2,2,1,1,0,0,0,,8,17-03-2024 | 11:42
330,Malaga,Este,Piso,800.0,0,65,1,1,0,0,0,0,0,,31,17-03-2024 | 11:42
331,Malaga,Centro,Piso,1200.0,0,80,3,1,1,0,0,1,0,,12,17-03-2024 | 11:42
332,Malaga,Cruz de Humilladero,Piso,2500.0,0,100,3,2,1,1,0,0,0,,12,17-03-2024 | 11:42
333,Malaga,Centro,Piso,1130.0,0,83,2,1,0,1,0,0,0,1ª,15,17-03-2024 | 11:42
334,Malaga,Teatinos - Universidad,Ático,2650.0,0,110,3,2,1,1,0,0,0,,24,17-03-2024 | 11:42
335,Malaga,Bailen - Miraflores,Piso,1150.0,150,90,3,2,1,1,0,0,0,,32,17-03-2024 | 11:42
336,Malaga,Centro,Piso,999.0,0,75,2,1,0,0,0,0,0,5ª,17,17-03-2024 | 11:42
337,Malaga,Centro,Piso,2500.0,0,170,0,0,0,0,0,0,0,5ª,22,17-03-2024 | 11:42
338,Malaga,Centro,Piso,2400.0,0,171,4,4,1,0,0,0,0,,50,17-03-2024 | 11:42
339,Malaga,Cruz de Humilladero,Piso,1350.0,0,85,2,2,1,0,1,0,0,,26,17-03-2024 | 11:42
340,Malaga,Cruz de Humilladero,Casa adosada,1900.0,0,200,3,3,0,1,1,0,0,,31,17-03-2024 | 11:42
341,Malaga,Churriana,Piso,1400.0,0,95,3,2,1,0,0,0,0,1ª,51,17-03-2024 | 11:42
342,Malaga,Ciudad Jardin,Piso,965.0,0,112,4,1,0,1,0,1,0,,152,17-03-2024 | 11:42
343,Malaga,Este,Casa adosada,925.0,0,40,1,1,0,1,1,0,0,,123,17-03-2024 | 11:42
344,Malaga,Este,Casa o chalet,1700.0,0,65,1,1,0,1,1,0,0,,185,17-03-2024 | 11:42
345,Malaga,Centro,Ático,2000.0,0,120,2,2,0,1,1,0,0,,24,17-03-2024 | 11:42
346,Malaga,Teatinos - Universidad,Piso,1500.0,0,117,2,2,0,1,1,0,0,,2,17-03-2024 | 11:42
347,Malaga,Este,Piso,1500.0,0,145,3,2,0,1,0,0,1,,3,17-03-2024 | 11:42
348,Malaga,Carretera de Cádiz,Piso,985.0,0,90,3,2,0,1,0,1,0,,3,17-03-2024 | 11:42
349,Malaga,Centro,Loft,900.0,0,40,1,1,0,0,1,0,0,,3,17-03-2024 | 11:42
350,Malaga,Cruz de Humilladero,Piso,1800.0,0,75,3,1,0,0,1,0,0,,3,17-03-2024 | 11:42
351,Malaga,Centro,Piso,1800.0,0,80,3,1,0,0,1,0,0,,3,17-03-2024 | 11:42
352,Malaga,Centro,Piso,2950.0,0,158,4,2,0,0,1,1,0,,3,17-03-2024 | 11:42
353,Malaga,Carretera de Cádiz,Apartamento,2400.0,0,66,1,1,0,0,1,0,0,2ª,3,17-03-2024 | 11:42
354,Malaga,Martiricos - La Roca,Piso,800.0,0,55,1,1,0,0,1,0,0,,9,17-03-2024 | 11:42
355,Malaga,Ciudad Jardin,Casa o chalet,1250.0,0,160,3,1,0,1,0,0,0,,19,17-03-2024 | 11:42
356,Malaga,Cruz de Humilladero,Piso,690.0,110,60,1,1,0,0,0,1,0,6ª,24,17-03-2024 | 11:42
357,Malaga,Cruz de Humilladero,Piso,1320.0,0,130,3,2,1,0,0,0,0,2ª,24,17-03-2024 | 11:42
358,Malaga,Centro,Piso,1150.0,0,60,1,1,1,0,1,0,0,,3,17-03-2024 | 11:42
359,Malaga,Carretera de Cádiz,Piso,1400.0,0,92,2,2,1,1,0,0,0,,3,17-03-2024 | 11:42
360,Malaga,Cruz de Humilladero,Piso,800.0,0,79,2,1,1,0,0,0,0,5ª,26,17-03-2024 | 11:43
361,Malaga,Centro,Apartamento,2000.0,0,110,2,2,1,0,0,1,0,,9,17-03-2024 | 11:43
362,Malaga,Martiricos - La Roca,Apartamento,2000.0,0,62,1,1,1,0,0,0,0,15,19,17-03-2024 | 11:43
363,Malaga,Centro,Apartamento,850.0,0,57,2,1,0,0,0,0,0,,6,17-03-2024 | 11:43
364,Malaga,Martiricos - La Roca,Piso,2500.0,0,69,2,2,1,0,0,0,1,,2,17-03-2024 | 11:43
365,Malaga,Carretera de Cádiz,Piso,800.0,0,60,1,1,0,0,0,0,0,bajo,8,17-03-2024 | 11:43
366,Malaga,Carretera de Cádiz,Piso,1500.0,0,80,2,2,0,1,0,0,1,,3,17-03-2024 | 11:43
367,Malaga,Churriana,Casa o chalet,1800.0,0,130,3,3,0,1,0,0,1,,3,17-03-2024 | 11:43
368,Malaga,Este,Casa adosada,3900.0,0,315,6,3,0,1,1,0,0,,10,17-03-2024 | 11:43
369,Malaga,Centro,Piso,1450.0,0,94,3,1,1,0,0,0,0,3ª,13,17-03-2024 | 11:43
370,Malaga,Churriana,Estudio,600.0,0,30,1,1,0,1,0,1,0,,12,17-03-2024 | 11:43
371,Malaga,Centro,Piso,1700.0,0,120,4,1,0,0,1,0,0,,13,17-03-2024 | 11:43
372,Malaga,Cruz de Humilladero,Piso,2000.0,0,140,3,3,1,1,0,0,0,,117,17-03-2024 | 11:43
373,Malaga,Martiricos - La Roca,Piso,1000.0,0,120,4,2,1,0,0,0,0,8ª,4,17-03-2024 | 11:43
374,Malaga,Centro,Piso,1100.0,0,90,2,1,1,1,0,0,0,,3,17-03-2024 | 11:43
375,Malaga,Centro,Piso,1100.0,0,60,2,2,0,0,1,0,0,bajo,10,17-03-2024 | 11:43
376,Malaga,Bailen - Miraflores,Piso,800.0,0,73,3,1,1,0,0,0,0,10ª,2,17-03-2024 | 11:43
377,Malaga,Carretera de Cádiz,Piso,2000.0,0,100,3,2,1,1,0,0,0,,23,17-03-2024 | 11:43
378,Malaga,Bailen - Miraflores,Piso,850.0,0,80,3,1,1,1,0,0,0,,3,17-03-2024 | 11:43
379,Malaga,Puerto de la Torre,Casa o chalet,2500.0,0,207,5,3,0,1,0,0,0,,13,17-03-2024 | 11:43
380,Malaga,Palma - Palmilla,Piso,1000.0,0,90,2,1,1,1,0,0,0,,23,17-03-2024 | 11:43
381,Malaga,Centro,Piso,1450.0,0,94,3,1,1,0,0,0,0,,23,17-03-2024 | 11:43
382,Malaga,Centro,Piso,1800.0,0,82,2,1,1,0,0,0,0,,23,17-03-2024 | 11:43
383,Malaga,Carretera de Cádiz,Piso,1900.0,0,95,1,1,1,0,0,0,1,,23,17-03-2024 | 11:43
384,Malaga,Centro,Piso,1500.0,0,90,2,1,1,0,0,0,0,,23,17-03-2024 | 11:43
385,Malaga,Carretera de Cádiz,Piso,2250.0,0,120,3,3,1,1,0,0,0,,23,17-03-2024 | 11:43
386,Malaga,Carretera de Cádiz,Apartamento,730.0,0,50,0,1,0,0,0,0,0,bajo,8,17-03-2024 | 11:43
387,Malaga,Este,Casa o chalet,2500.0,0,300,4,3,0,1,0,0,0,,23,17-03-2024 | 11:43
388,Malaga,Este,Piso,1300.0,0,50,1,1,0,1,0,0,0,,23,17-03-2024 | 11:43
389,Malaga,Churriana,Piso,1500.0,0,45,1,1,0,1,0,0,0,,23,17-03-2024 | 11:43
390,Malaga,Este,Estudio,700.0,0,40,1,1,0,0,0,0,0,,23,17-03-2024 | 11:44
391,Malaga,Este,Casa o chalet,1820.0,0,120,2,1,0,1,0,0,0,,23,17-03-2024 | 11:44
392,Malaga,Carretera de Cádiz,Ático,1900.0,0,95,1,1,1,1,0,0,0,,1,17-03-2024 | 11:44
393,Malaga,Cruz de Humilladero,Estudio,650.0,0,35,0,1,0,0,0,0,0,bajo,10,17-03-2024 | 11:44
394,Malaga,Centro,Estudio,900.0,0,30,0,0,1,0,0,0,0,1ª,311,17-03-2024 | 11:44
395,Malaga,Este,Piso,1100.0,0,40,1,1,0,1,0,0,1,,3,17-03-2024 | 11:44
396,Malaga,Puerto de la Torre,Casa o chalet,850.0,0,120,3,1,0,0,0,0,0,,8,17-03-2024 | 11:44
397,Malaga,Cruz de Humilladero,Piso,1800.0,0,120,4,2,0,1,0,0,0,5ª,52,17-03-2024 | 11:44
398,Malaga,Centro,Piso,2100.0,0,90,3,2,1,0,0,0,0,3ª,12,17-03-2024 | 11:44
399,Malaga,Centro,Piso,1000.0,200,45,1,1,1,0,0,1,0,,6,17-03-2024 | 11:44
400,Malaga,Este,Piso,1000.0,0,90,3,1,1,0,0,0,0,8ª,11,17-03-2024 | 11:44
401,Malaga,Teatinos - Universidad,Piso,1200.0,0,60,1,1,0,1,0,0,1,,3,17-03-2024 | 11:44
402,Malaga,Centro,Casa o chalet,1380.0,0,130,0,0,0,0,0,0,0,,23,17-03-2024 | 11:44
403,Malaga,Este,Piso,820.0,0,45,1,1,0,0,0,0,0,,23,17-03-2024 | 11:44
404,Malaga,Centro,Piso,1100.0,0,60,1,1,0,0,0,0,0,,23,17-03-2024 | 11:44
405,Malaga,Centro,Piso,1000.0,0,70,2,1,0,0,0,0,0,,23,17-03-2024 | 11:44
406,Malaga,Cruz de Humilladero,Piso,1700.0,0,95,3,2,0,0,0,0,0,,23,17-03-2024 | 11:44
407,Malaga,Martiricos - La Roca,Piso,1200.0,0,85,3,2,1,0,0,0,0,6ª,10,17-03-2024 | 11:44
408,Malaga,Centro,Estudio,850.0,0,45,1,1,0,1,0,0,0,2ª,33,17-03-2024 | 11:44
409,Malaga,Puerto de la Torre,Estudio,650.0,0,28,1,1,0,0,0,0,0,bajo,34,17-03-2024 | 11:44
410,Malaga,Bailen - Miraflores,Piso,950.0,0,61,1,1,0,0,0,0,0,2ª,47,17-03-2024 | 11:44
411,Malaga,Centro,Piso,1100.0,0,53,1,1,0,1,0,0,0,3ª,11,17-03-2024 | 11:44
412,Malaga,Puerto de la Torre,Piso,,0,580,5,3,0,1,0,0,1,,13,17-03-2024 | 11:44
413,Malaga,Centro,Estudio,390.0,0,1,0,1,0,0,0,0,0,,19,17-03-2024 | 11:44
414,Malaga,Carretera de Cádiz,Piso,990.0,0,35,1,1,0,1,0,1,0,,17,17-03-2024 | 11:44
415,Malaga,Carretera de Cádiz,Estudio,1200.0,0,55,1,1,0,0,1,0,0,,159,17-03-2024 | 11:44
416,Malaga,Puerto de la Torre,Casa o chalet,1200.0,0,200,3,1,0,1,0,0,1,,199,17-03-2024 | 11:44
417,Malaga,Bailen - Miraflores,Piso,950.0,0,85,2,1,1,0,0,0,0,5ª,34,17-03-2024 | 11:44
418,Malaga,Teatinos - Universidad,Ático,1150.0,0,90,1,1,1,0,0,0,0,5ª,17,17-03-2024 | 11:44
419,Malaga,Centro,Piso,1400.0,0,80,2,1,1,0,0,0,0,1ª,24,17-03-2024 | 11:44
420,Malaga,Cruz de Humilladero,Estudio,1600.0,0,90,3,2,1,0,0,0,0,5ª,50,17-03-2024 | 11:44
421,Malaga,Teatinos - Universidad,Piso,1300.0,0,80,3,2,1,0,0,0,0,4ª,59,17-03-2024 | 11:44
422,Malaga,Martiricos - La Roca,Piso,1200.0,0,85,3,2,1,0,0,0,0,6ª,10,17-03-2024 | 11:44
423,Malaga,Centro,Piso,550.0,0,42,1,1,1,0,0,0,0,1ª,13,17-03-2024 | 11:44
424,Malaga,Bailen - Miraflores,Piso,890.0,0,70,1,1,1,0,0,0,0,bajo,33,17-03-2024 | 11:44
425,Malaga,Bailen - Miraflores,Piso,1200.0,0,75,3,1,1,0,0,0,0,1ª,41,17-03-2024 | 11:44
426,Malaga,Puerto de la Torre,Piso,1400.0,0,200,3,1,0,1,0,0,1,,199,17-03-2024 | 11:44
427,Malaga,Bailen - Miraflores,Piso,1000.0,100,75,3,1,0,0,0,0,0,3ª,50,17-03-2024 | 11:44
428,Malaga,Centro,Piso,5000.0,0,217,3,2,1,0,0,0,0,2ª,8,17-03-2024 | 11:44
429,Malaga,Carretera de Cádiz,Piso,1050.0,0,82,3,1,1,0,0,0,0,,7,17-03-2024 | 11:44
430,Malaga,Bailen - Miraflores,Piso,850.0,0,62,1,1,0,0,0,0,0,,23,17-03-2024 | 11:44
431,Malaga,Centro,Piso,1200.0,0,84,2,2,0,0,0,0,0,,23,17-03-2024 | 11:44
432,Malaga,Este,Casa o chalet,3000.0,0,538,5,4,0,0,0,1,1,,584,17-03-2024 | 11:44
433,Malaga,Centro,Piso,2100.0,0,150,5,2,1,0,0,0,0,2ª,8,17-03-2024 | 11:44
434,Malaga,Este,Casa o chalet,10000.0,0,4000,7,5,0,1,0,0,1,,19,17-03-2024 | 11:44
435,Malaga,Centro,Piso,2000.0,0,70,2,2,1,0,0,0,0,2ª,33,17-03-2024 | 11:44
436,Malaga,Puerto de la Torre,Casa o chalet,2400.0,0,580,5,3,0,1,0,0,1,,10,17-03-2024 | 11:44
437,Malaga,Ciudad Jardin,Casa o chalet,2500.0,0,350,4,3,0,1,0,0,1,,30,17-03-2024 | 11:44
438,Malaga,Teatinos - Universidad,Ático,1600.0,0,400,3,2,1,0,0,0,0,15,39,17-03-2024 | 11:44
439,Malaga,Bailen - Miraflores,Piso,1150.0,0,130,3,1,1,0,0,0,0,3ª,60,17-03-2024 | 11:44
440,Malaga,Teatinos - Universidad,Piso,1300.0,0,110,4,2,1,1,0,0,0,,348,17-03-2024 | 11:44
441,Malaga,Centro,Apartamento,1200.0,0,70,2,2,1,0,0,1,0,,126,17-03-2024 | 11:44
442,Malaga,Este,Piso,1750.0,0,105,4,2,1,0,0,0,1,,3,17-03-2024 | 11:44
443,Malaga,Centro,Piso,1900.0,0,165,5,3,1,0,0,1,0,,884,17-03-2024 | 11:44
444,Malaga,Carretera de Cádiz,Piso,2600.0,0,119,4,2,1,1,0,0,0,,241,17-03-2024 | 11:44
445,Malaga,Bailen - Miraflores,Piso,1100.0,57,89,3,1,1,0,0,0,0,5ª,30,17-03-2024 | 11:44
446,Malaga,Centro,Apartamento,1500.0,0,110,3,1,0,0,0,0,0,,144,17-03-2024 | 11:44
447,Malaga,Churriana,Piso,1050.0,0,190,1,1,0,0,0,0,0,2ª,2,17-03-2024 | 11:44
448,Malaga,Martiricos - La Roca,Piso,1300.0,0,75,3,1,1,1,0,0,0,,56,17-03-2024 | 11:44
449,Malaga,Teatinos - Universidad,Piso,1600.0,100,207,4,2,1,1,0,0,0,,5,17-03-2024 | 11:44
450,Malaga,Puerto de la Torre,Casa adosada,2200.0,0,580,5,3,0,1,0,0,1,,10,17-03-2024 | 11:45
451,Malaga,Martiricos - La Roca,Piso,2500.0,0,92,3,2,1,1,0,0,0,,33,17-03-2024 | 11:45
452,Malaga,Puerto de la Torre,Casa o chalet,6500.0,0,390,4,4,0,1,0,0,1,,29,17-03-2024 | 11:45
453,Malaga,Teatinos - Universidad,Piso,433.0,0,105,3,2,0,0,0,0,0,,205,17-03-2024 | 11:45
454,Malaga,Churriana,Piso,2200.0,0,270,5,3,0,1,0,0,1,,3,17-03-2024 | 11:45
455,Malaga,Churriana,Casa adosada,3500.0,0,1000,2,2,0,1,0,0,1,,11,17-03-2024 | 11:45
456,Malaga,Churriana,Casa o chalet,3500.0,0,1000,2,2,0,1,0,0,1,,19,17-03-2024 | 11:45
457,Malaga,Puerto de la Torre,Casa o chalet,1500.0,0,250,1,1,0,1,1,0,0,,23,17-03-2024 | 11:45
458,Malaga,Este,Casa o chalet,6800.0,0,520,5,4,0,1,0,0,1,,32,17-03-2024 | 11:45
459,Malaga,Cruz de Humilladero,Piso,450.0,0,120,4,2,0,1,0,0,0,4ª,53,17-03-2024 | 11:45
460,Malaga,Centro,Piso,1550.0,0,284,2,1,1,1,0,0,0,,3,17-03-2024 | 11:45
461,Malaga,Este,Piso,9000.0,0,480,4,5,1,1,0,0,0,,23,17-03-2024 | 11:45
462,Malaga,Teatinos - Universidad,Piso,950.0,0,90,3,1,1,0,0,0,0,6ª,38,17-03-2024 | 11:45
463,Malaga,Campanillas,Casa o chalet,1400.0,0,256,3,3,0,1,0,0,0,,23,17-03-2024 | 11:45
464,Malaga,Campanillas,Casa o chalet,1470.0,0,2000,3,2,0,1,0,0,1,,23,17-03-2024 | 11:45
465,Malaga,Teatinos - Universidad,Piso,1200.0,0,1106,3,2,1,0,0,0,0,2ª,37,17-03-2024 | 11:45
466,Malaga,Teatinos - Universidad,Ático,1800.0,199,270,3,2,1,0,0,0,0,5ª,24,17-03-2024 | 11:45
467,Malaga,Palma - Palmilla,Piso,1100.0,0,106,4,2,1,0,0,0,0,1ª,3,17-03-2024 | 11:45
468,Malaga,Centro,Piso,1200.0,0,80,2,2,1,0,0,0,0,1ª,3,17-03-2024 | 11:45
469,Malaga,Teatinos - Universidad,Piso,1200.0,0,90,3,2,1,0,0,0,0,2ª,60,17-03-2024 | 11:45
470,Malaga,Teatinos - Universidad,Apartamento,1500.0,0,117,2,2,1,0,0,0,0,12ª,19,17-03-2024 | 11:45
471,Malaga,Centro,Piso,5000.0,0,220,3,2,1,0,0,0,0,,16,17-03-2024 | 11:45
472,Malaga,Teatinos - Universidad,Piso,1450.0,0,120,3,2,1,0,0,0,0,2ª,21,17-03-2024 | 11:45
473,Malaga,Puerto de la Torre,Piso,1400.0,0,200,3,1,0,0,0,0,0,,23,17-03-2024 | 11:45
474,Malaga,Teatinos - Universidad,Piso,2000.0,0,140,3,2,1,0,0,0,0,11ª,49,17-03-2024 | 11:45
475,Malaga,Puerto de la Torre,Casa adosada,1300.0,0,210,2,2,0,1,0,0,0,,50,17-03-2024 | 11:45
476,Malaga,Cruz de Humilladero,Piso,800.0,0,70,2,1,1,0,0,0,0,3ª,23,17-03-2024 | 11:45
477,Malaga,Martiricos - La Roca,Piso,2000.0,0,62,1,1,1,0,0,0,1,,13,17-03-2024 | 11:45
478,Malaga,Carretera de Cádiz,Piso,1150.0,0,60,1,1,1,1,0,0,0,,13,17-03-2024 | 11:45
479,Malaga,Centro,Piso,1850.0,0,100,2,1,1,0,1,0,0,,17,17-03-2024 | 11:45
480,Malaga,Teatinos - Universidad,Piso,1350.0,0,90,3,2,1,1,0,0,0,,9,17-03-2024 | 11:45
481,Malaga,Puerto de la Torre,Casa o chalet,1600.0,0,150,3,1,0,1,0,1,0,,12,17-03-2024 | 11:45
482,Malaga,Puerto de la Torre,Casa o chalet,1600.0,0,150,3,1,0,1,0,0,0,,18,17-03-2024 | 11:45
483,Malaga,Centro,Piso,1550.0,0,100,2,1,1,0,0,0,0,,23,17-03-2024 | 11:45
484,Malaga,Bailen - Miraflores,Piso,800.0,0,73,3,1,1,0,0,0,0,10ª,10,17-03-2024 | 11:45
485,Malaga,Este,Casa o chalet,1700.0,0,103,2,2,0,1,0,0,0,bajo,12,17-03-2024 | 11:45
486,Malaga,Palma - Palmilla,Piso,1250.0,0,115,4,2,1,0,0,0,0,4ª,18,17-03-2024 | 11:45
487,Malaga,Centro,Apartamento,1200.0,0,80,2,2,1,0,0,0,0,1ª,31,17-03-2024 | 11:45
488,Malaga,Cruz de Humilladero,Piso,400.0,0,90,3,1,1,0,0,0,0,1ª,46,17-03-2024 | 11:45
489,Malaga,Centro,Piso,1800.0,0,105,3,2,1,0,0,0,0,2ª,61,17-03-2024 | 11:45
490,Malaga,Churriana,Casa adosada,1550.0,0,140,3,2,0,0,0,0,0,bajo,46,17-03-2024 | 11:45
491,Malaga,Campanillas,Apartamento,350.0,0,43,1,1,0,1,0,0,0,1ª,51,17-03-2024 | 11:45
492,Malaga,Cruz de Humilladero,Casa adosada,1900.0,0,210,3,3,0,1,0,0,0,,31,17-03-2024 | 11:45
493,Malaga,Churriana,Apartamento,1200.0,0,75,2,2,0,0,1,0,0,,38,17-03-2024 | 11:45
494,Malaga,Martiricos - La Roca,Piso,1300.0,0,54,1,1,1,0,0,0,0,,14,17-03-2024 | 11:45
495,Malaga,Este,Casa o chalet,3300.0,0,350,5,4,0,1,0,0,1,,815,17-03-2024 | 11:45
496,Malaga,Teatinos - Universidad,Piso,1700.0,0,125,4,2,1,0,0,0,0,,261,17-03-2024 | 11:45
497,Malaga,Este,Casa o chalet,1500.0,0,100,2,2,0,1,0,0,0,,276,17-03-2024 | 11:45
498,Malaga,Teatinos - Universidad,Piso,1200.0,0,110,3,2,0,0,0,0,0,,178,17-03-2024 | 11:45
499,Malaga,Carretera de Cádiz,Piso,780.0,0,70,1,1,1,0,0,0,0,,56,17-03-2024 | 11:45
500,Malaga,Centro,Piso,850.0,0,70,2,2,1,0,1,0,0,,108,17-03-2024 | 11:45
501,Malaga,Cruz de Humilladero,Piso,1100.0,0,116,3,2,1,1,0,0,0,,296,17-03-2024 | 11:45
502,Malaga,Cruz de Humilladero,Piso,1150.0,0,95,3,1,1,0,0,0,0,,212,17-03-2024 | 11:45
503,Malaga,Carretera de Cádiz,Piso,830.0,0,60,1,1,1,0,0,0,0,,117,17-03-2024 | 11:45
504,Malaga,Centro,Piso,1200.0,0,87,3,1,0,0,1,0,0,,188,17-03-2024 | 11:45
505,Malaga,Centro,Piso,,0,0,1,1,0,0,0,0,0,,348,17-03-2024 | 11:45
506,Malaga,Centro,Piso,980.0,0,80,2,1,0,0,0,0,0,,9,17-03-2024 | 11:45
507,Malaga,Centro,Apartamento,635.0,0,50,1,1,0,0,0,0,0,,9,17-03-2024 | 11:45
508,Malaga,Bailen - Miraflores,Apartamento,650.0,0,50,1,1,0,0,0,0,0,,5,17-03-2024 | 11:45
509,Malaga,Centro,Apartamento,585.0,0,50,1,1,0,0,0,0,0,,5,17-03-2024 | 11:45
510,Malaga,Cruz de Humilladero,Piso,860.0,0,80,2,1,0,0,0,0,0,,5,17-03-2024 | 11:46
511,Malaga,Bailen - Miraflores,Piso,,0,0,2,1,0,0,0,0,0,,71,17-03-2024 | 11:46
512,Malaga,Cruz de Humilladero,Casa o chalet,19500.0,0,388,6,6,0,1,1,0,0,,3,17-03-2024 | 11:46
513,Malaga,Bailen - Miraflores,Piso,1200.0,0,90,2,1,1,0,0,0,0,8ª,51,17-03-2024 | 11:46
514,Malaga,Carretera de Cádiz,Apartamento,750.0,0,55,2,1,0,0,0,0,0,bajo,14,17-03-2024 | 11:46
515,Malaga,Bailen - Miraflores,Piso,890.0,0,70,1,1,0,0,0,0,0,1ª,16,17-03-2024 | 11:46
516,Malaga,Carretera de Cádiz,Piso,800.0,0,85,3,1,0,0,0,0,0,1ª,45,17-03-2024 | 11:46
517,Malaga,Centro,Piso,720.0,0,85,3,1,1,0,0,0,0,,9,17-03-2024 | 11:46
518,Malaga,Centro,Piso,850.0,0,80,2,1,0,0,0,0,0,,9,17-03-2024 | 11:46
519,Malaga,Centro,Apartamento,580.0,0,50,1,1,0,0,0,0,0,,9,17-03-2024 | 11:46
520,Malaga,Centro,Apartamento,500.0,0,50,1,1,0,0,0,0,0,,5,17-03-2024 | 11:46
521,Malaga,Carretera de Cádiz,Apartamento,650.0,0,50,1,1,0,0,0,0,0,,5,17-03-2024 | 11:46
522,Malaga,Este,Piso,930.0,0,80,2,1,0,0,0,0,0,,5,17-03-2024 | 11:46
523,Malaga,Cruz de Humilladero,Piso,800.0,0,85,3,1,0,0,0,0,0,,5,17-03-2024 | 11:46
524,Malaga,Cruz de Humilladero,Piso,750.0,0,80,2,1,0,0,0,0,0,,5,17-03-2024 | 11:46
525,Malaga,Cruz de Humilladero,Piso,800.0,0,80,2,1,0,0,0,0,0,,5,17-03-2024 | 11:46
